{
    "Date Reported": {
        "0": 1743379200000,
        "1": 1743379200000,
        "2": 1743379200000,
        "3": 1743379200000,
        "4": 1743379200000,
        "5": 1743379200000,
        "6": 1743379200000,
        "7": 1743379200000,
        "8": 1743379200000,
        "9": 1743379200000
    },
    "Holder": {
        "0": "UBS Group AG",
        "1": "Morgan Stanley",
        "2": "Bank of America Corporation",
        "3": "Susquehanna International Group, LLP",
        "4": "Shaw D.E. & Co., Inc.",
        "5": "Citigroup Inc.",
        "6": "Renaissance Technologies, LLC",
        "7": "Millennium Management Llc",
        "8": "Legal & General Group PLC",
        "9": "Marshall Wace LLP"
    },
    "pctHeld": {
        "0": 0.0477,
        "1": 0.013300001,
        "2": 0.008,
        "3": 0.0068,
        "4": 0.0055,
        "5": 0.0047,
        "6": 0.0045,
        "7": 0.0043,
        "8": 0.004,
        "9": 0.0037
    },
    "Shares": {
        "0": 74955469,
        "1": 20847481,
        "2": 12604163,
        "3": 10694705,
        "4": 8606248,
        "5": 7306143,
        "6": 7031940,
        "7": 6828732,
        "8": 6311057,
        "9": 5825912
    },
    "Value": {
        "0": 263843249,
        "1": 73383132,
        "2": 44366653,
        "3": 37645361,
        "4": 30293992,
        "5": 25717623,
        "6": 24752428,
        "7": 24037136,
        "8": 22214920,
        "9": 20507210
    },
    "pctChange": {
        "0": 0.6973,
        "1": -0.1456,
        "2": 1.0952,
        "3": -0.0398,
        "4": 19.6012,
        "5": 4.341,
        "6": -0.2244,
        "7": 0.2215,
        "8": 0.0015,
        "9": 3.1364002
    }
}