{
    "Date Reported": {
        "0": 1743379200000,
        "1": 1743379200000,
        "2": 1743379200000,
        "3": 1743379200000,
        "4": 1743379200000,
        "5": 1743379200000,
        "6": 1743379200000,
        "7": 1743379200000,
        "8": 1743379200000,
        "9": 1743379200000
    },
    "Holder": {
        "0": "Vanguard Group Inc",
        "1": "Blackrock Inc.",
        "2": "State Street Corporation",
        "3": "Geode Capital Management, LLC",
        "4": "Susquehanna International Group, LLP",
        "5": "Charles Schwab Investment Management, Inc.",
        "6": "Northern Trust Corporation",
        "7": "UBS Group AG",
        "8": "Citadel Advisors Llc",
        "9": "Alyeska Investment Group, L.p."
    },
    "pctHeld": {
        "0": 0.0877,
        "1": 0.0779,
        "2": 0.0279,
        "3": 0.0156,
        "4": 0.0150999995,
        "5": 0.007900001,
        "6": 0.0070999996,
        "7": 0.0062,
        "8": 0.0062,
        "9": 0.0058999998
    },
    "Shares": {
        "0": 39237789,
        "1": 34842991,
        "2": 12475894,
        "3": 6982483,
        "4": 6745609,
        "5": 3514906,
        "6": 3183116,
        "7": 2769324,
        "8": 2772184,
        "9": 2641427
    },
    "Value": {
        "0": 1202245831,
        "1": 1067589222,
        "2": 382261384,
        "3": 213943274,
        "4": 206685455,
        "5": 107696717,
        "6": 97530672,
        "7": 84852085,
        "8": 84939716,
        "9": 80933321
    },
    "pctChange": {
        "0": 0.0023999999,
        "1": 0.0006,
        "2": 0.012999999,
        "3": 0.048499998,
        "4": 1.1588,
        "5": -0.026400002,
        "6": 0.0037,
        "7": -0.1321,
        "8": -0.24229999,
        "9": 8.9535
    }
}