{
    "Date Reported": {
        "0": 1743379200000,
        "1": 1743379200000,
        "2": 1743379200000,
        "3": 1743379200000,
        "4": 1743379200000,
        "5": 1743379200000,
        "6": 1743379200000,
        "7": 1743379200000,
        "8": 1735603200000,
        "9": 1743379200000
    },
    "Holder": {
        "0": "Vanguard Group Inc",
        "1": "Blackrock Inc.",
        "2": "State Street Corporation",
        "3": "FMR, LLC",
        "4": "Geode Capital Management, LLC",
        "5": "JPMORGAN CHASE & CO",
        "6": "Price (T.Rowe) Associates Inc",
        "7": "Morgan Stanley",
        "8": "NORGES BANK",
        "9": "Northern Trust Corporation"
    },
    "pctHeld": {
        "0": 0.0784,
        "1": 0.066300005,
        "2": 0.0348,
        "3": 0.032,
        "4": 0.0201,
        "5": 0.0189,
        "6": 0.0165,
        "7": 0.015700001,
        "8": 0.0117,
        "9": 0.0092
    },
    "Shares": {
        "0": 832274556,
        "1": 703411133,
        "2": 368934077,
        "3": 339634992,
        "4": 212995999,
        "5": 200228094,
        "6": 175482278,
        "7": 166516606,
        "8": 124283614,
        "9": 97379134
    },
    "Value": {
        "0": 171873013987,
        "1": 145261429211,
        "2": 76188574214,
        "3": 70138020332,
        "4": 43985802583,
        "5": 41349102592,
        "6": 36238844265,
        "7": 34387343390,
        "8": 25665808444,
        "9": 20109764427
    },
    "pctChange": {
        "0": 0.0108,
        "1": 0.0215,
        "2": 0.0112,
        "3": 0.034,
        "4": 0.0394,
        "5": 0.0949,
        "6": -0.0401,
        "7": -0.0038,
        "8": 0.0448,
        "9": 0.0031
    }
}