{"Date Reported":{"0":1743379200000,"1":1743379200000,"2":1743379200000,"3":1743379200000,"4":1743379200000,"5":1743379200000,"6":1743379200000,"7":1743379200000,"8":1743379200000,"9":1743379200000},"Holder":{"0":"FMR, LLC","1":"Blackrock Inc.","2":"GQG Partners LLC","3":"Orbis Allan Gray Ltd","4":"Capital World Investors","5":"Capital International Investors","6":"Schroder Investment Management Group","7":"Morgan Stanley","8":"Lazard Asset Management LLC","9":"Fisher Asset Management, LLC"},"pctHeld":{"0":0.024,"1":0.012,"2":0.0082,"3":0.0069,"4":0.0068,"5":0.0066000004,"6":0.0045,"7":0.0043,"8":0.0042,"9":0.0036000002},"Shares":{"0":108895265,"1":54485799,"2":37252302,"3":31257989,"4":30680916,"5":29733310,"6":20644843,"7":19575298,"8":19077634,"9":16471059},"Value":{"0":1034505017,"1":517615090,"2":353896869,"3":296950895,"4":291468702,"5":282466445,"6":196126008,"7":185965331,"8":181237523,"9":156475060},"pctChange":{"0":1.3089,"1":0.5387,"2":1.0,"3":1.6585001,"4":0.1117,"5":0.0933,"6":0.1283,"7":-0.0222,"8":0.046,"9":-0.0416}}