{"Date Reported":{"0":1743379200000,"1":1743379200000,"2":1743379200000,"3":1743379200000,"4":1743379200000,"5":1743379200000,"6":1743379200000,"7":1743379200000,"8":1743379200000,"9":1743379200000},"Holder":{"0":"Primecap Management Company","1":"Fisher Asset Management, LLC","2":"Aristotle Capital Management, LLC","3":"Morgan Stanley","4":"Blackrock Inc.","5":"Bank of America Corporation","6":"Mondrian Investment Partners Ltd","7":"Fiduciary Management, Inc.","8":"Harding Loevner LLC","9":"Northern Trust Corporation"},"pctHeld":{"0":0.0153,"1":0.0139,"2":0.0082,"3":0.0034999999,"4":0.003,"5":0.0028,"6":0.0016,"7":0.0016,"8":0.0016,"9":0.0013},"Shares":{"0":93959475,"1":85597524,"2":50231767,"3":21664762,"4":18661425,"5":17468425,"6":9854963,"7":9853055,"8":9830162,"9":7845521},"Value":{"0":2473952969,"1":2253782800,"2":1322602421,"3":570433181,"4":491355318,"5":459943628,"6":259481175,"7":259430937,"8":258828164,"9":206572567},"pctChange":{"0":-0.0788,"1":0.8846,"2":-0.0481,"3":-0.0137,"4":-0.2035,"5":-0.2662,"6":-0.0279,"7":-0.045300003,"8":-0.0301,"9":0.034}}