{
    "Date Reported": {
        "0": 1743379200000,
        "1": 1743379200000,
        "2": 1743379200000,
        "3": 1743379200000,
        "4": 1743379200000,
        "5": 1743379200000,
        "6": 1743379200000,
        "7": 1743379200000,
        "8": 1743379200000,
        "9": 1743379200000
    },
    "Holder": {
        "0": "GQG Partners LLC",
        "1": "BAILLIE GIFFORD & CO",
        "2": "FMR, LLC",
        "3": "Schroder Investment Management Group",
        "4": "Lazard Asset Management LLC",
        "5": "Arrowstreet Capital, Limited Partnership",
        "6": "Fisher Asset Management, LLC",
        "7": "ARGA Investment Management, LP",
        "8": "Morgan Stanley",
        "9": "Blackrock Inc."
    },
    "pctHeld": {
        "0": 0.0688,
        "1": 0.0139,
        "2": 0.0086,
        "3": 0.008,
        "4": 0.0058999998,
        "5": 0.0057,
        "6": 0.004,
        "7": 0.003,
        "8": 0.0027,
        "9": 0.0027
    },
    "Shares": {
        "0": 256098882,
        "1": 51748747,
        "2": 32061333,
        "3": 29799818,
        "4": 21876852,
        "5": 21203283,
        "6": 14969355,
        "7": 11036110,
        "8": 9927632,
        "9": 9913691
    },
    "Value": {
        "0": 2979044522,
        "1": 601962101,
        "2": 372950235,
        "3": 346643389,
        "4": 254480283,
        "5": 246645059,
        "6": 174129518,
        "7": 128376441,
        "8": 115482182,
        "9": 115320014
    },
    "pctChange": {
        "0": 0.0795,
        "1": -0.066300005,
        "2": 0.2351,
        "3": -0.026800001,
        "4": 0.0056,
        "5": -0.3509,
        "6": -0.057800002,
        "7": 0.0034999999,
        "8": -0.0078,
        "9": 0.0335
    }
}