{"Date Reported":{"0":1743379200000,"1":1743379200000,"2":1743379200000,"3":1743379200000,"4":1743379200000,"5":1743379200000,"6":1735603200000,"7":1743379200000,"8":1743379200000,"9":1743379200000},"Holder":{"0":"Vanguard Group Inc","1":"Blackrock Inc.","2":"State Street Corporation","3":"Geode Capital Management, LLC","4":"Morgan Stanley","5":"Bank of America Corporation","6":"NORGES BANK","7":"Northern Trust Corporation","8":"JPMORGAN CHASE & CO","9":"FMR, LLC"},"pctHeld":{"0":0.09810001,"1":0.076,"2":0.0427,"3":0.0249,"4":0.0218,"5":0.0147,"6":0.013300001,"7":0.0126,"8":0.0113,"9":0.011},"Shares":{"0":230022172,"1":178152589,"2":100185368,"3":58355220,"4":51222550,"5":34459100,"6":31282211,"7":29644000,"8":26435143,"9":25859572},"Value":{"0":37449909261,"1":29005022580,"2":16311179519,"3":9500813225,"4":8339543240,"5":5610285986,"6":5093056696,"7":4826339567,"8":4303905567,"9":4210196854},"pctChange":{"0":0.001,"1":0.0112,"2":-0.008,"3":0.033299997,"4":-0.002,"5":0.1306,"6":0.0274,"7":0.0085,"8":0.093,"9":0.063200004}}