{"Date Reported":{"0":1743379200000,"1":1743379200000,"2":1743379200000,"3":1743379200000,"4":1743379200000,"5":1743379200000,"6":1743379200000,"7":1743379200000,"8":1743379200000,"9":1743379200000},"Holder":{"0":"Ninety One UK Ltd","1":"UBS AM, a distinct business unit of UBS ASSET MANAGEMENT AMERICAS LLC","2":"Capital World Investors","3":"Orbis Allan Gray Ltd","4":"Lazard Asset Management LLC","5":"Greenwoods Asset Management Hong Kong Ltd.","6":"Mirae Asset Global Investments Co., Ltd.","7":"Dodge & Cox Inc","8":"HHLR Advisors, LTD","9":"Wellington Management Group, LLP"},"pctHeld":{"0":0.0097,"1":0.0085,"2":0.0058999998,"3":0.0058,"4":0.0057,"5":0.0056,"6":0.0044,"7":0.0044,"8":0.0042,"9":0.0031},"Shares":{"0":6132802,"1":5384242,"2":3732998,"3":3664973,"4":3613724,"5":3575098,"6":2817021,"7":2803664,"8":2668697,"9":1988541},"Value":{"0":788862351,"1":692575074,"2":480175550,"3":471425494,"4":464833335,"5":459864873,"6":362353424,"7":360635314,"8":343274508,"9":255786038},"pctChange":{"0":-0.016,"1":-0.0682,"2":0.0021,"3":-0.091000006,"4":0.0039,"5":-0.0159,"6":76.982,"7":0.058000002,"8":0.0308,"9":1.1166}}