{"Date Reported":{"0":1743379200000,"1":1743379200000,"2":1743379200000,"3":1743379200000,"4":1743379200000,"5":1743379200000,"6":1743379200000,"7":1743379200000,"8":1743379200000,"9":1743379200000},"Holder":{"0":"Primecap Management Company","1":"Dodge & Cox Inc","2":"Mirae Asset Global Investments Co., Ltd.","3":"Orbis Allan Gray Ltd","4":"FIL LTD","5":"UBS Group AG","6":"Pictet Asset Management Holding SA","7":"Bridgewater Associates, Lp","8":"Black Creek Investment Management Inc.","9":"Robeco Institutional Asset Management B.V."},"pctHeld":{"0":0.0429,"1":0.0196,"2":0.0191,"3":0.0116,"4":0.0101,"5":0.0088,"6":0.0076,"7":0.0075,"8":0.0074,"9":0.0067000003},"Shares":{"0":11946336,"1":5440815,"2":5324728,"3":3236111,"4":2805336,"5":2452986,"6":2123370,"7":2076305,"8":2062954,"9":1864339},"Value":{"0":1015448130,"1":462473633,"2":452606145,"3":275072027,"4":238455807,"5":208505775,"6":180488151,"7":176487588,"8":175352742,"9":158470308},"pctChange":{"0":-0.0139,"1":-0.0804,"2":13.7754,"3":-0.2031,"4":3.6762,"5":0.078099996,"6":-0.118999995,"7":9.5616,"8":-0.0979,"9":-0.0094}}