{
    "Date Reported": {
        "0": 1743379200000,
        "1": 1743379200000,
        "2": 1743379200000,
        "3": 1743379200000,
        "4": 1743379200000,
        "5": 1743379200000,
        "6": 1743379200000,
        "7": 1743379200000,
        "8": 1743379200000,
        "9": 1743379200000
    },
    "Holder": {
        "0": "Price (T.Rowe) Associates Inc",
        "1": "Vanguard Group Inc",
        "2": "FMR, LLC",
        "3": "Blackrock Inc.",
        "4": "Greenoaks Capital Partners LLC",
        "5": "CAS Investment Partners, LLC",
        "6": "Lingotto Investment Management LLP",
        "7": "Spruce House Investment Management LLC",
        "8": "Viking Global Investors, L.P.",
        "9": "State Street Corporation"
    },
    "pctHeld": {
        "0": 0.1107,
        "1": 0.0928,
        "2": 0.069699995,
        "3": 0.0545,
        "4": 0.0434,
        "5": 0.0421,
        "6": 0.03,
        "7": 0.026700001,
        "8": 0.0189,
        "9": 0.0178
    },
    "Shares": {
        "0": 14950011,
        "1": 12534843,
        "2": 9407656,
        "3": 7352947,
        "4": 5864525,
        "5": 5685029,
        "6": 4045296,
        "7": 3609288,
        "8": 2553861,
        "9": 2403422
    },
    "Value": {
        "0": 4955031682,
        "1": 4154548394,
        "2": 3118073527,
        "3": 2437060771,
        "4": 1943738180,
        "5": 1884246025,
        "6": 1340772916,
        "7": 1196262423,
        "8": 846451696,
        "9": 796590193
    },
    "pctChange": {
        "0": 0.1389,
        "1": 0.0971,
        "2": -0.026300002,
        "3": 0.0018000001,
        "4": 0.0279,
        "5": -0.1086,
        "6": 0.0146,
        "7": -0.2666,
        "8": 1.9233999,
        "9": 0.0227
    }
}