{
    "Date Reported": {
        "0": 1743379200000,
        "1": 1743379200000,
        "2": 1743379200000,
        "3": 1743379200000,
        "4": 1743379200000,
        "5": 1743379200000,
        "6": 1743379200000,
        "7": 1743379200000,
        "8": 1743379200000,
        "9": 1743379200000
    },
    "Holder": {
        "0": "BAILLIE GIFFORD & CO",
        "1": "Capital Research Global Investors",
        "2": "Morgan Stanley",
        "3": "Capital International Investors",
        "4": "Capital World Investors",
        "5": "JPMORGAN CHASE & CO",
        "6": "Price (T.Rowe) Associates Inc",
        "7": "Blackrock Inc.",
        "8": "FMR, LLC",
        "9": "Jennison Associates LLC"
    },
    "pctHeld": {
        "0": 0.0746,
        "1": 0.043899998,
        "2": 0.040599998,
        "3": 0.0344,
        "4": 0.0323,
        "5": 0.0308,
        "6": 0.027,
        "7": 0.026800001,
        "8": 0.026700001,
        "9": 0.0228
    },
    "Shares": {
        "0": 3784477,
        "1": 2224151,
        "2": 2059407,
        "3": 1745448,
        "4": 1636346,
        "5": 1562214,
        "6": 1371311,
        "7": 1360830,
        "8": 1351189,
        "9": 1154116
    },
    "Value": {
        "0": 9814813809,
        "1": 5768202039,
        "2": 5340948369,
        "3": 4526714558,
        "4": 4243765074,
        "5": 4051508184,
        "6": 3556412719,
        "7": 3529230875,
        "8": 3504227520,
        "9": 2993130531
    },
    "pctChange": {
        "0": -0.1192,
        "1": -0.0793,
        "2": -0.0319,
        "3": 0.0346,
        "4": 0.0432,
        "5": -0.0612,
        "6": -0.0165,
        "7": 0.0218,
        "8": 0.5676,
        "9": 0.0165
    }
}