{
    "Date Reported": {
        "0": 1743379200000,
        "1": 1743379200000,
        "2": 1743379200000,
        "3": 1743379200000,
        "4": 1743379200000,
        "5": 1743379200000,
        "6": 1743379200000,
        "7": 1735603200000,
        "8": 1743379200000,
        "9": 1743379200000
    },
    "Holder": {
        "0": "Vanguard Group Inc",
        "1": "Blackrock Inc.",
        "2": "State Street Corporation",
        "3": "Geode Capital Management, LLC",
        "4": "Morgan Stanley",
        "5": "Capital World Investors",
        "6": "JPMORGAN CHASE & CO",
        "7": "NORGES BANK",
        "8": "FMR, LLC",
        "9": "Northern Trust Corporation"
    },
    "pctHeld": {
        "0": 0.0767,
        "1": 0.0639,
        "2": 0.0353,
        "3": 0.0197,
        "4": 0.014099999,
        "5": 0.0125,
        "6": 0.012200001,
        "7": 0.0111,
        "8": 0.0094,
        "9": 0.0086
    },
    "Shares": {
        "0": 246887705,
        "1": 205668592,
        "2": 113726971,
        "3": 63498689,
        "4": 45379105,
        "5": 40264180,
        "6": 39415548,
        "7": 35707824,
        "8": 30213359,
        "9": 27587612
    },
    "Value": {
        "0": 84605948229,
        "1": 70480570294,
        "2": 38973095969,
        "3": 21760365888,
        "4": 15550965603,
        "5": 13798131942,
        "6": 13507314240,
        "7": 12236714293,
        "8": 10353816069,
        "9": 9453998823
    },
    "pctChange": {
        "0": 0.0152,
        "1": 0.0172,
        "2": 0.0135,
        "3": 0.040799998,
        "4": 0.0092,
        "5": -0.0232,
        "6": 0.0952,
        "7": 0.1582,
        "8": -0.1283,
        "9": -0.0347
    }
}