{
    "Date Reported": {
        "0": 1743379200000,
        "1": 1743379200000,
        "2": 1743379200000,
        "3": 1743379200000,
        "4": 1743379200000,
        "5": 1743379200000,
        "6": 1743379200000,
        "7": 1743379200000,
        "8": 1743379200000,
        "9": 1743379200000
    },
    "Holder": {
        "0": "Vanguard Group Inc",
        "1": "Blackrock Inc.",
        "2": "FMR, LLC",
        "3": "State Street Corporation",
        "4": "JPMORGAN CHASE & CO",
        "5": "Geode Capital Management, LLC",
        "6": "Price (T.Rowe) Associates Inc",
        "7": "Capital World Investors",
        "8": "Morgan Stanley",
        "9": "Capital Research Global Investors"
    },
    "pctHeld": {
        "0": 0.088,
        "1": 0.0766,
        "2": 0.0623,
        "3": 0.039300002,
        "4": 0.026800001,
        "5": 0.0234,
        "6": 0.018,
        "7": 0.0175,
        "8": 0.0175,
        "9": 0.015800001
    },
    "Shares": {
        "0": 191058533,
        "1": 166370320,
        "2": 135174317,
        "3": 85275239,
        "4": 58198195,
        "5": 50892441,
        "6": 39132171,
        "7": 38081486,
        "8": 37891503,
        "9": 34326729
    },
    "Value": {
        "0": 127015710406,
        "1": 110602986705,
        "2": 89863884291,
        "3": 56690977846,
        "4": 38690159325,
        "5": 33833294155,
        "6": 26015066803,
        "7": 25316571427,
        "8": 25190270731,
        "9": 22820409020
    },
    "pctChange": {
        "0": -0.0007,
        "1": 0.0105,
        "2": -0.007900001,
        "3": -0.0099,
        "4": 0.1259,
        "5": 0.0348,
        "6": -0.0753,
        "7": -0.0555,
        "8": 0.048899997,
        "9": -0.0699
    }
}