{"Date Reported":{"0":1743379200000,"1":1743379200000,"2":1743379200000,"3":1743379200000,"4":1743379200000,"5":1743379200000,"6":1743379200000,"7":1743379200000,"8":1743379200000,"9":1743379200000},"Holder":{"0":"Vanguard Group Inc","1":"State Street Corporation","2":"Blackrock Inc.","3":"State Farm Mutual Automobile Insurance Co","4":"Geode Capital Management, LLC","5":"Fisher Asset Management, LLC","6":"Capital World Investors","7":"Gates Foundation Trust","8":"Morgan Stanley","9":"Northern Trust Corporation"},"pctHeld":{"0":0.09810001,"1":0.076799996,"2":0.075100005,"3":0.0375,"4":0.0223,"5":0.0196,"6":0.0171,"7":0.0156,"8":0.0152,"9":0.0139999995},"Shares":{"0":46215478,"1":36162931,"2":35380536,"3":17669440,"4":10516618,"5":9210125,"6":8074751,"7":7353614,"8":7168773,"9":6597679},"Value":{"0":16127352807,"1":12619416092,"2":12346391540,"3":6165927631,"4":3669878927,"5":3213965141,"6":2817765039,"7":2566117078,"8":2501614964,"9":2302326007},"pctChange":{"0":-0.0127,"1":-0.0128,"2":-0.0039,"3":-0.0037,"4":0.0064,"5":0.014099999,"6":-0.5076,"7":0.0,"8":-0.0464,"9":-0.0365}}