{
    "Date Reported": {
        "0": 1743379200000,
        "1": 1743379200000,
        "2": 1743379200000,
        "3": 1743379200000,
        "4": 1743379200000,
        "5": 1743379200000,
        "6": 1743379200000,
        "7": 1743379200000,
        "8": 1743379200000,
        "9": 1743379200000
    },
    "Holder": {
        "0": "Vanguard Group Inc",
        "1": "Blackrock Inc.",
        "2": "State Street Corporation",
        "3": "Newport Trust Company, LLC",
        "4": "Charles Schwab Investment Management, Inc.",
        "5": "Geode Capital Management, LLC",
        "6": "Pacer Advisors, Inc.",
        "7": "Dimensional Fund Advisors LP",
        "8": "Morgan Stanley",
        "9": "Invesco Ltd."
    },
    "pctHeld": {
        "0": 0.1172,
        "1": 0.08140001,
        "2": 0.045700002,
        "3": 0.0385,
        "4": 0.0359,
        "5": 0.0225,
        "6": 0.0126,
        "7": 0.0119,
        "8": 0.0113,
        "9": 0.01
    },
    "Shares": {
        "0": 457660361,
        "1": 318091906,
        "2": 178668269,
        "3": 150349011,
        "4": 140053906,
        "5": 88035337,
        "6": 49078048,
        "7": 46335759,
        "8": 44276669,
        "9": 39201314
    },
    "Value": {
        "0": 4546672565,
        "1": 3160115810,
        "2": 1774997763,
        "3": 1493657266,
        "4": 1391379517,
        "5": 874595848,
        "6": 487570769,
        "7": 460327225,
        "8": 439870990,
        "9": 389449369
    },
    "pctChange": {
        "0": 0.1382,
        "1": 0.0884,
        "2": 0.0038,
        "3": -0.015,
        "4": 0.0848,
        "5": 0.0471,
        "6": 69.1512,
        "7": -0.0037,
        "8": 0.0298,
        "9": -0.009
    }
}