{
    "Date Reported": {
        "0": 1743379200000,
        "1": 1743379200000,
        "2": 1743379200000,
        "3": 1743379200000,
        "4": 1743379200000,
        "5": 1743379200000,
        "6": 1743379200000,
        "7": 1743379200000,
        "8": 1743379200000,
        "9": 1743379200000
    },
    "Holder": {
        "0": "Fisher Asset Management, LLC",
        "1": "FMR, LLC",
        "2": "Capital International Investors",
        "3": "Eagle Capital Management LLC",
        "4": "Morgan Stanley",
        "5": "Harding Loevner LLC",
        "6": "TD Asset Management, Inc",
        "7": "Bank of America Corporation",
        "8": "Northern Trust Corporation",
        "9": "Goldman Sachs Group Inc"
    },
    "pctHeld": {
        "0": 0.0106,
        "1": 0.0083,
        "2": 0.0058999998,
        "3": 0.0027,
        "4": 0.0026,
        "5": 0.002,
        "6": 0.0014,
        "7": 0.0014,
        "8": 0.0011999999,
        "9": 0.0011
    },
    "Shares": {
        "0": 12993705,
        "1": 10246919,
        "2": 7289419,
        "3": 3302372,
        "4": 3183083,
        "5": 2513151,
        "6": 1662809,
        "7": 1676639,
        "8": 1512724,
        "9": 1318908
    },
    "Value": {
        "0": 3935273305,
        "1": 3103381738,
        "2": 2207673331,
        "3": 1000156335,
        "4": 964028470,
        "5": 761132875,
        "6": 503598309,
        "7": 507786862,
        "8": 458143568,
        "9": 399444457
    },
    "pctChange": {
        "0": 1.5388,
        "1": 0.0921,
        "2": -0.2864,
        "3": -0.27989998,
        "4": 0.12189999,
        "5": -0.0685,
        "6": 0.0376,
        "7": 0.2752,
        "8": 0.0278,
        "9": 0.0647
    }
}