{"Date Reported":{"0":1743379200000,"1":1743379200000,"2":1743379200000,"3":1743379200000,"4":1743379200000,"5":1743379200000,"6":1743379200000,"7":1743379200000,"8":1743379200000,"9":1743379200000},"Holder":{"0":"Fisher Asset Management, LLC","1":"FMR, LLC","2":"Capital International Investors","3":"Eagle Capital Management LLC","4":"Morgan Stanley","5":"Harding Loevner LLC","6":"TD Asset Management, Inc","7":"Bank of America Corporation","8":"Northern Trust Corporation","9":"Goldman Sachs Group Inc"},"pctHeld":{"0":0.0106,"1":0.0083,"2":0.0058999998,"3":0.0027,"4":0.0026,"5":0.002,"6":0.0014,"7":0.0014,"8":0.0011999999,"9":0.0011},"Shares":{"0":12993705,"1":10246919,"2":7289419,"3":3302372,"4":3183083,"5":2513151,"6":1662809,"7":1676639,"8":1512724,"9":1318908},"Value":{"0":4019837867,"1":3170069892,"2":2255113728,"3":1021648561,"4":984744349,"5":777488757,"6":514420066,"7":518698626,"8":467988554,"9":408028066},"pctChange":{"0":1.5388,"1":0.0921,"2":-0.2864,"3":-0.27989998,"4":0.12189999,"5":-0.0685,"6":0.0376,"7":0.2752,"8":0.0278,"9":0.0647}}