{"Date Reported":{"0":1743379200000,"1":1743379200000,"2":1743379200000,"3":1743379200000,"4":1743379200000,"5":1743379200000,"6":1743379200000,"7":1743379200000,"8":1743379200000,"9":1743379200000},"Holder":{"0":"First Trust Advisors LP","1":"JPMORGAN CHASE & CO","2":"Robeco Institutional Asset Management B.V.","3":"Acadian Asset Management. LLC","4":"Goldman Sachs Group Inc","5":"Blackrock Inc.","6":"State Street Corporation","7":"Deutsche Bank Aktiengesellschaft","8":"Sustainable Growth Advisors, LP","9":"Morgan Stanley"},"pctHeld":{"0":0.0097,"1":0.0093,"2":0.0066000004,"3":0.0064,"4":0.0047,"5":0.0041,"6":0.0041,"7":0.0039,"8":0.0036000002,"9":0.0034},"Shares":{"0":40274893,"1":38558928,"2":27541684,"3":26437188,"4":19375866,"5":17021277,"6":17006394,"7":16042359,"8":14877543,"9":14047823},"Value":{"0":722128843,"1":691361590,"2":493822402,"3":474018788,"4":347409283,"5":305191501,"6":304924649,"7":287639501,"8":266754350,"9":251877470},"pctChange":{"0":0.24270001,"1":-0.2616,"2":0.065799996,"3":0.3971,"4":0.9975,"5":0.0617,"6":-0.0139999995,"7":0.0021,"8":0.5017,"9":0.5877}}