{
    "Date Reported": {
        "0": 1743379200000,
        "1": 1743379200000,
        "2": 1743379200000,
        "3": 1743379200000,
        "4": 1743379200000,
        "5": 1743379200000,
        "6": 1743379200000,
        "7": 1743379200000,
        "8": 1743379200000,
        "9": 1743379200000
    },
    "Holder": {
        "0": "Blackrock Inc.",
        "1": "Vanguard Group Inc",
        "2": "Coliseum Capital Management, Llc",
        "3": "Trigran Investments Inc",
        "4": "State Street Corporation",
        "5": "Jacobs Levy Equity Management, Inc.",
        "6": "Schroder Investment Management Group",
        "7": "JPMORGAN CHASE & CO",
        "8": "Cooper Creek Partners Management LLC",
        "9": "Geode Capital Management, LLC"
    },
    "pctHeld": {
        "0": 0.1555,
        "1": 0.105299994,
        "2": 0.09810001,
        "3": 0.0437,
        "4": 0.0381,
        "5": 0.0273,
        "6": 0.026800001,
        "7": 0.026199998,
        "8": 0.0255,
        "9": 0.0241
    },
    "Shares": {
        "0": 18676120,
        "1": 12646034,
        "2": 11775582,
        "3": 5248935,
        "4": 4569829,
        "5": 3283633,
        "6": 3218095,
        "7": 3150309,
        "8": 3062780,
        "9": 2890057
    },
    "Value": {
        "0": 188255288,
        "1": 127472021,
        "2": 118697865,
        "3": 52909264,
        "4": 46063875,
        "5": 33099020,
        "6": 32438397,
        "7": 31755114,
        "8": 30872822,
        "9": 29131774
    },
    "pctChange": {
        "0": -0.0585,
        "1": -0.1043,
        "2": 0.096999995,
        "3": 0.24040002,
        "4": -0.054899998,
        "5": 0.030199999,
        "6": 0.0637,
        "7": -0.2475,
        "8": 1.0,
        "9": 0.0368
    }
}