{
    "Date Reported": {
        "0": 1743379200000,
        "1": 1743379200000,
        "2": 1743379200000,
        "3": 1743379200000,
        "4": 1743379200000,
        "5": 1743379200000,
        "6": 1743379200000,
        "7": 1743379200000,
        "8": 1743379200000,
        "9": 1743379200000
    },
    "Holder": {
        "0": "Blackrock Inc.",
        "1": "Vanguard Group Inc",
        "2": "Coliseum Capital Management, Llc",
        "3": "Trigran Investments Inc",
        "4": "State Street Corporation",
        "5": "Jacobs Levy Equity Management, Inc.",
        "6": "Schroder Investment Management Group",
        "7": "JPMORGAN CHASE & CO",
        "8": "Cooper Creek Partners Management LLC",
        "9": "Geode Capital Management, LLC"
    },
    "pctHeld": {
        "0": 0.1555,
        "1": 0.105299994,
        "2": 0.09810001,
        "3": 0.0437,
        "4": 0.0381,
        "5": 0.0273,
        "6": 0.026800001,
        "7": 0.026199998,
        "8": 0.0255,
        "9": 0.0241
    },
    "Shares": {
        "0": 18676120,
        "1": 12646034,
        "2": 11775582,
        "3": 5248935,
        "4": 4569829,
        "5": 3283633,
        "6": 3218095,
        "7": 3150309,
        "8": 3062780,
        "9": 2890057
    },
    "Value": {
        "0": 187695009,
        "1": 127092644,
        "2": 118344601,
        "3": 52751797,
        "4": 45926782,
        "5": 33000512,
        "6": 32341855,
        "7": 31660606,
        "8": 30780939,
        "9": 29045073
    },
    "pctChange": {
        "0": -0.0585,
        "1": -0.1043,
        "2": 0.096999995,
        "3": 0.24040002,
        "4": -0.054899998,
        "5": 0.030199999,
        "6": 0.0637,
        "7": -0.2475,
        "8": 1.0,
        "9": 0.0368
    }
}