{
    "Date Reported": {
        "0": 1743379200000,
        "1": 1743379200000,
        "2": 1743379200000,
        "3": 1743379200000,
        "4": 1743379200000,
        "5": 1743379200000,
        "6": 1743379200000,
        "7": 1743379200000,
        "8": 1735603200000,
        "9": 1743379200000
    },
    "Holder": {
        "0": "Vanguard Group Inc",
        "1": "Blackrock Inc.",
        "2": "FMR, LLC",
        "3": "State Street Corporation",
        "4": "Geode Capital Management, LLC",
        "5": "JPMORGAN CHASE & CO",
        "6": "Price (T.Rowe) Associates Inc",
        "7": "Morgan Stanley",
        "8": "NORGES BANK",
        "9": "Northern Trust Corporation"
    },
    "pctHeld": {
        "0": 0.089899994,
        "1": 0.0779,
        "2": 0.041100003,
        "3": 0.0397,
        "4": 0.0234,
        "5": 0.0173,
        "6": 0.0154,
        "7": 0.014099999,
        "8": 0.013300001,
        "9": 0.0108
    },
    "Shares": {
        "0": 2192979269,
        "1": 1901848816,
        "2": 1001925185,
        "3": 968654005,
        "4": 570691561,
        "5": 421100703,
        "6": 374986428,
        "7": 344184079,
        "8": 324041286,
        "9": 263027905
    },
    "Value": {
        "0": 301271502683,
        "1": 261275999628,
        "2": 137644486807,
        "3": 133073691936,
        "4": 78401609436,
        "5": 57850816634,
        "6": 51515637309,
        "7": 47284010453,
        "8": 44516793452,
        "9": 36134774873
    },
    "pctChange": {
        "0": 0.0062,
        "1": 0.0064,
        "2": -0.0023999999,
        "3": 0.0008,
        "4": 0.0273,
        "5": 0.0176,
        "6": -0.0884,
        "7": -0.015700001,
        "8": 0.1108,
        "9": -0.0128999995
    }
}