{"Date Reported":{"0":1743379200000,"1":1743379200000,"2":1743379200000,"3":1743379200000,"4":1743379200000,"5":1743379200000,"6":1743379200000,"7":1743379200000,"8":1743379200000,"9":1743379200000},"Holder":{"0":"Fisher Asset Management, LLC","1":"Bank of America Corporation","2":"Morgan Stanley","3":"Goldman Sachs Group Inc","4":"Northern Trust Corporation","5":"Blackrock Inc.","6":"FMR, LLC","7":"Natixis Advisors, L.P.","8":"Stifel Financial Corporation","9":"CAPTRUST Financial Advisors"},"pctHeld":{"0":0.0043,"1":0.0016,"2":0.0011999999,"3":0.0007,"4":0.0006,"5":0.0005,"6":0.0004,"7":0.0003,"8":0.0002,"9":0.0002},"Shares":{"0":6714729,"1":2593238,"2":1962867,"3":1124364,"4":996111,"5":856644,"6":668771,"7":426238,"8":365915,"9":391153},"Value":{"0":1238195986,"1":478193071,"2":361952662,"3":207332714,"4":183682862,"5":157965148,"6":123321368,"7":78598284,"8":67474723,"9":72128610},"pctChange":{"0":-0.0257,"1":3.6768,"2":0.0556,"3":0.077800006,"4":0.0361,"5":0.061100002,"6":0.1869,"7":0.0846,"8":0.08140001,"9":0.0435}}