{"Date Reported":{"0":1743379200000,"1":1743379200000,"2":1743379200000,"3":1743379200000,"4":1743379200000,"5":1743379200000,"6":1743379200000,"7":1735603200000,"8":1743379200000,"9":1743379200000},"Holder":{"0":"Vanguard Group Inc","1":"Blackrock Inc.","2":"State Street Corporation","3":"Geode Capital Management, LLC","4":"Morgan Stanley","5":"JPMORGAN CHASE & CO","6":"Northern Trust Corporation","7":"NORGES BANK","8":"Invesco Ltd.","9":"Renaissance Technologies, LLC"},"pctHeld":{"0":0.091000006,"1":0.0863,"2":0.0405,"3":0.0254,"4":0.0143,"5":0.0109,"6":0.009,"7":0.0082,"8":0.0081,"9":0.0075},"Shares":{"0":198523450,"1":188245362,"2":88383499,"3":55428473,"4":31222346,"5":23794616,"6":19553438,"7":17984806,"8":17746956,"9":16289873},"Value":{"0":23804947616,"1":22572502046,"2":10598065688,"3":6646428400,"4":3743871623,"5":2853212491,"6":2344652822,"7":2156558153,"8":2128037558,"9":1953318731},"pctChange":{"0":-0.103599995,"1":0.0921,"2":0.0121,"3":0.0644,"4":0.0828,"5":0.4621,"6":0.0033000002,"7":0.5978,"8":0.2033,"9":-0.2852}}