{
    "Date Reported": {
        "0": 1743379200000,
        "1": 1743379200000,
        "2": 1743379200000,
        "3": 1743379200000,
        "4": 1743379200000,
        "5": 1743379200000,
        "6": 1743379200000,
        "7": 1735603200000,
        "8": 1743379200000,
        "9": 1743379200000
    },
    "Holder": {
        "0": "Vanguard Group Inc",
        "1": "Blackrock Inc.",
        "2": "State Street Corporation",
        "3": "Geode Capital Management, LLC",
        "4": "Morgan Stanley",
        "5": "JPMORGAN CHASE & CO",
        "6": "Northern Trust Corporation",
        "7": "NORGES BANK",
        "8": "Invesco Ltd.",
        "9": "Renaissance Technologies, LLC"
    },
    "pctHeld": {
        "0": 0.091000006,
        "1": 0.0863,
        "2": 0.0405,
        "3": 0.0254,
        "4": 0.0143,
        "5": 0.0109,
        "6": 0.009,
        "7": 0.0082,
        "8": 0.0081,
        "9": 0.0075
    },
    "Shares": {
        "0": 198523450,
        "1": 188245362,
        "2": 88383499,
        "3": 55428473,
        "4": 31222346,
        "5": 23794616,
        "6": 19553438,
        "7": 17984806,
        "8": 17746956,
        "9": 16289873
    },
    "Value": {
        "0": 26153480393,
        "1": 24799445023,
        "2": 11643642643,
        "3": 7302147337,
        "4": 4113232033,
        "5": 3134702842,
        "6": 2575970029,
        "7": 2369318441,
        "8": 2337984080,
        "9": 2146027958
    },
    "pctChange": {
        "0": -0.103599995,
        "1": 0.0921,
        "2": 0.0121,
        "3": 0.0644,
        "4": 0.0828,
        "5": 0.4621,
        "6": 0.0033000002,
        "7": 0.5978,
        "8": 0.2033,
        "9": -0.2852
    }
}