{"Date Reported":{"0":1743379200000,"1":1743379200000,"2":1743379200000,"3":1743379200000,"4":1743379200000,"5":1743379200000,"6":1743379200000,"7":1743379200000,"8":1743379200000,"9":1743379200000},"Holder":{"0":"Vanguard Group Inc","1":"Blackrock Inc.","2":"State Street Corporation","3":"Geode Capital Management, LLC","4":"FMR, LLC","5":"JPMORGAN CHASE & CO","6":"Capital International Investors","7":"Price (T.Rowe) Associates Inc","8":"Morgan Stanley","9":"Northern Trust Corporation"},"pctHeld":{"0":0.0749,"1":0.066300005,"2":0.0339,"3":0.0195,"4":0.0191,"5":0.0186,"6":0.016900001,"7":0.014099999,"8":0.0138,"9":0.0101},"Shares":{"0":411570922,"1":364548445,"2":186485859,"3":107318856,"4":105088737,"5":102232997,"6":92659374,"7":77465777,"8":75731764,"9":55347459},"Value":{"0":70567953049,"1":62505478827,"2":31974866636,"3":18400891770,"4":18018515551,"5":17528870351,"6":15887376888,"7":13282282644,"8":12984968763,"9":9489875691},"pctChange":{"0":0.0241,"1":0.0188,"2":-0.005,"3":0.024300002,"4":-0.1094,"5":0.0994,"6":0.0156,"7":-0.0291,"8":0.0084,"9":-0.0307}}