{"Date Reported":{"0":1743379200000,"1":1743379200000,"2":1743379200000,"3":1743379200000,"4":1743379200000,"5":1743379200000,"6":1743379200000,"7":1743379200000,"8":1743379200000,"9":1743379200000},"Holder":{"0":"Vanguard Group Inc","1":"Blackrock Inc.","2":"State Street Corporation","3":"JPMORGAN CHASE & CO","4":"Wellington Management Group, LLP","5":"FMR, LLC","6":"Capital World Investors","7":"Price (T.Rowe) Associates Inc","8":"Morgan Stanley","9":"Capital Research Global Investors"},"pctHeld":{"0":0.1,"1":0.08189999,"2":0.05,"3":0.029000001,"4":0.028499998,"5":0.026700001,"6":0.0251,"7":0.023599999,"8":0.023599999,"9":0.023},"Shares":{"0":90729585,"1":74290219,"2":45338514,"3":26293837,"4":25847940,"5":24217466,"6":22779755,"7":21393161,"8":21364718,"9":20827122},"Value":{"0":26841440094,"1":21978018116,"2":13412945815,"3":7778768641,"4":7646854474,"5":7164495052,"6":6739162635,"7":6328952671,"8":6320538094,"9":6161495696},"pctChange":{"0":0.0656,"1":0.031600002,"2":-0.0056,"3":0.0762,"4":0.1065,"5":-0.19600001,"6":0.0587,"7":-0.0004,"8":-0.0015,"9":0.1592}}