{"Date Reported":{"0":1743379200000,"1":1743379200000,"2":1743379200000,"3":1743379200000,"4":1743379200000,"5":1743379200000,"6":1743379200000,"7":1743379200000,"8":1743379200000,"9":1743379200000},"Holder":{"0":"BAILLIE GIFFORD & CO","1":"Capital World Investors","2":"FMR, LLC","3":"Vanguard Group Inc","4":"Capital International Investors","5":"Price (T.Rowe) Associates Inc","6":"Morgan Stanley","7":"JPMORGAN CHASE & CO","8":"Capital Research Global Investors","9":"Royal Bank of Canada"},"pctHeld":{"0":0.045900002,"1":0.0428,"2":0.0404,"3":0.0394,"4":0.029000001,"5":0.0279,"6":0.0247,"7":0.0231,"8":0.0191,"9":0.016},"Shares":{"0":55877748,"1":52101843,"2":49239719,"3":47962280,"4":35318518,"5":34008966,"6":30040695,"7":28110871,"8":23292570,"9":19545576},"Value":{"0":5868839804,"1":5472256506,"2":5171647626,"3":5037478209,"4":3709503902,"5":3571961657,"6":3155174159,"7":2952484746,"8":2446418598,"9":2052871823},"pctChange":{"0":-0.0652,"1":-0.0188,"2":0.1259,"3":0.0187,"4":-0.0328,"5":-0.1884,"6":0.0154,"7":0.19549999,"8":-0.019299999,"9":-0.028900001}}