{"Date Reported":{"0":1743379200000,"1":1743379200000,"2":1743379200000,"3":1743379200000,"4":1743379200000,"5":1743379200000,"6":1743379200000,"7":1743379200000,"8":1743379200000,"9":1743379200000},"Holder":{"0":"JPMORGAN CHASE & CO","1":"Primecap Management Company","2":"FMR, LLC","3":"Dodge & Cox Inc","4":"Goldman Sachs Group Inc","5":"Morgan Stanley","6":"Appaloosa LP","7":"Sanders Capital, LLC","8":"Price (T.Rowe) Associates Inc","9":"UBS AM, a distinct business unit of UBS ASSET MANAGEMENT AMERICAS LLC"},"pctHeld":{"0":0.0095,"1":0.0086,"2":0.0069999998,"3":0.0047,"4":0.0043,"5":0.0043,"6":0.0039,"7":0.0037,"8":0.0036000002,"9":0.0036000002},"Shares":{"0":22782955,"1":20623697,"2":16770272,"3":11319570,"4":10306564,"5":10209362,"6":9230000,"7":8757019,"8":8595269,"9":8557495},"Value":{"0":2743979155,"1":2483918117,"2":2019811600,"3":1363329038,"4":1241322593,"5":1229615584,"6":1111661222,"7":1054695389,"8":1035214219,"9":1030664718},"pctChange":{"0":0.7533,"1":-0.060599998,"2":12.203,"3":-0.2177,"4":0.4148,"5":-0.1592,"6":-0.2206,"7":-0.015800001,"8":0.43,"9":0.8563}}