{"Date Reported":{"0":1743379200000,"1":1743379200000,"2":1743379200000,"3":1743379200000,"4":1743379200000,"5":1743379200000,"6":1743379200000,"7":1735603200000,"8":1743379200000,"9":1743379200000},"Holder":{"0":"Vanguard Group Inc","1":"Blackrock Inc.","2":"State Street Corporation","3":"Morgan Stanley","4":"Geode Capital Management, LLC","5":"Bank of America Corporation","6":"FMR, LLC","7":"NORGES BANK","8":"Northern Trust Corporation","9":"Price (T.Rowe) Associates Inc"},"pctHeld":{"0":0.09819999,"1":0.0749,"2":0.045900002,"3":0.025,"4":0.0219,"5":0.0171,"6":0.016900001,"7":0.0125,"8":0.0119,"9":0.0104},"Shares":{"0":272796588,"1":208215538,"2":127518423,"3":69354784,"4":60829111,"5":47585655,"6":47005308,"7":34670579,"8":33118098,"9":28907315},"Value":{"0":71459069556,"1":54542062720,"2":33403452461,"3":18167486515,"4":15934186368,"5":12465062908,"6":12313041004,"7":9081958592,"8":8675286175,"9":7572271517},"pctChange":{"0":0.0015,"1":0.0074,"2":0.0018000001,"3":0.0074,"4":0.0272,"5":-0.0366,"6":-0.025,"7":-0.0644,"8":-0.0215,"9":-0.026500002}}