{"Date Reported":{"0":1743379200000,"1":1743379200000,"2":1743379200000,"3":1743379200000,"4":1743379200000,"5":1743379200000,"6":1743379200000,"7":1743379200000,"8":1743379200000,"9":1743379200000},"Holder":{"0":"Vanguard Group Inc","1":"Blackrock Inc.","2":"State Street Corporation","3":"Geode Capital Management, LLC","4":"Massachusetts Financial Services Co.","5":"Wellington Management Group, LLP","6":"FMR, LLC","7":"Morgan Stanley","8":"GQG Partners LLC","9":"Royal Bank of Canada"},"pctHeld":{"0":0.0959,"1":0.081199996,"2":0.0521,"3":0.023599999,"4":0.0233,"5":0.0183,"6":0.0182,"7":0.0148,"8":0.013200001,"9":0.0115},"Shares":{"0":74562000,"1":63146260,"2":40509850,"3":18365446,"4":18107625,"5":14221646,"6":14177998,"7":11510256,"8":10249508,"9":8921517},"Value":{"0":8644718462,"1":7321177538,"2":4696712107,"3":2129289854,"4":2099398086,"5":1648857671,"6":1643797122,"7":1334499108,"8":1188327982,"9":1034360702},"pctChange":{"0":0.023,"1":0.0094,"2":0.0201,"3":0.0275,"4":0.0005,"5":-0.1166,"6":0.2321,"7":0.028800001,"8":178.8002,"9":0.049200002}}