{"Date Reported":{"0":1743379200000,"1":1743379200000,"2":1743379200000,"3":1743379200000,"4":1743379200000,"5":1743379200000,"6":1743379200000,"7":1743379200000,"8":1743379200000,"9":1743379200000},"Holder":{"0":"Dodge & Cox Inc","1":"Fisher Asset Management, LLC","2":"Mondrian Investment Partners Ltd","3":"Morgan Stanley","4":"Bank of America Corporation","5":"Equity Investment Corp","6":"Dimensional Fund Advisors LP","7":"Goldman Sachs Group Inc","8":"Grantham, Mayo, Van Otterloo & Co. LLC","9":"FMR, LLC"},"pctHeld":{"0":0.0119,"1":0.0058,"2":0.0026,"3":0.002,"4":0.0018000001,"5":0.0011999999,"6":0.001,"7":0.0009,"8":0.0009,"9":0.0008},"Shares":{"0":21020005,"1":10127826,"2":4500836,"3":3537148,"4":3160649,"5":2198541,"6":1685478,"7":1592033,"8":1535954,"9":1439692},"Value":{"0":607478136,"1":292694167,"2":130074158,"3":102223575,"4":91342754,"5":63537834,"6":48710313,"7":46009753,"8":44389070,"9":41607098},"pctChange":{"0":-0.0478,"1":-0.0011,"2":-0.0016,"3":0.16239999,"4":1.5174,"5":0.0458,"6":0.0036000002,"7":0.067,"8":-0.0076,"9":0.4291}}