{"Date Reported":{"0":1743379200000,"1":1743379200000,"2":1743379200000,"3":1743379200000,"4":1743379200000,"5":1743379200000,"6":1743379200000,"7":1743379200000,"8":1743379200000,"9":1743379200000},"Holder":{"0":"FMR, LLC","1":"Capital International Investors","2":"Contrarian Capital Management, LLC","3":"Dimensional Fund Advisors LP","4":"Two Sigma Investments, LP","5":"Encompass Capital Advisors, LLC","6":"Two Sigma Advisers, LP","7":"Morgan Stanley","8":"Renaissance Technologies, LLC","9":"Blackrock Inc."},"pctHeld":{"0":0.074200004,"1":0.0232,"2":0.0147,"3":0.01,"4":0.0089,"5":0.0081,"6":0.0076,"7":0.0070999996,"8":0.0064,"9":0.0063},"Shares":{"0":97172321,"1":30447379,"2":19219112,"3":13069870,"4":11615659,"5":10610617,"6":9977660,"7":9275886,"8":8386024,"9":8227939},"Value":{"0":287630073,"1":90124243,"2":56888572,"3":38686815,"4":34382351,"5":31407426,"6":29533873,"7":27456622,"8":24822631,"9":24354699},"pctChange":{"0":-0.0104,"1":0.0,"2":0.0,"3":-0.0124,"4":-0.21540001,"5":1.0,"6":-0.21100001,"7":-0.5082,"8":0.4957,"9":0.0177}}