{
    "Date Reported": {
        "0": 1743379200000,
        "1": 1743379200000,
        "2": 1743379200000,
        "3": 1743379200000,
        "4": 1743379200000,
        "5": 1743379200000,
        "6": 1743379200000,
        "7": 1743379200000,
        "8": 1743379200000,
        "9": 1743379200000
    },
    "Holder": {
        "0": "Vanguard Group Inc",
        "1": "Primecap Management Company",
        "2": "Blackrock Inc.",
        "3": "UBS Group AG",
        "4": "State Street Corporation",
        "5": "Renaissance Technologies, LLC",
        "6": "Geode Capital Management, LLC",
        "7": "Two Sigma Advisers, LP",
        "8": "Slate Path Capital, LP",
        "9": "Two Sigma Investments, LP"
    },
    "pctHeld": {
        "0": 0.096499994,
        "1": 0.0917,
        "2": 0.0879,
        "3": 0.0317,
        "4": 0.028800001,
        "5": 0.026099999,
        "6": 0.0188,
        "7": 0.0138,
        "8": 0.013300001,
        "9": 0.013099999
    },
    "Shares": {
        "0": 63625284,
        "1": 60445097,
        "2": 57968542,
        "3": 20876938,
        "4": 19011767,
        "5": 17213832,
        "6": 12415724,
        "7": 9124200,
        "8": 8738594,
        "9": 8654634
    },
    "Value": {
        "0": 720238195,
        "1": 684238479,
        "2": 656203877,
        "3": 236326931,
        "4": 215213196,
        "5": 194860572,
        "6": 140545991,
        "7": 103285941,
        "8": 98920881,
        "9": 97970454
    },
    "pctChange": {
        "0": 0.010199999,
        "1": 0.0036000002,
        "2": -0.0052,
        "3": 0.3541,
        "4": 0.0186,
        "5": 1.0,
        "6": 0.0842,
        "7": 2.7251,
        "8": -0.39069998,
        "9": 3.1301
    }
}