{"Date Reported":{"0":1743379200000,"1":1743379200000,"2":1743379200000,"3":1743379200000,"4":1743379200000,"5":1743379200000,"6":1743379200000,"7":1743379200000,"8":1743379200000,"9":1743379200000},"Holder":{"0":"Ramirez Asset Management, Inc.","1":"Rhumbline Advisers","2":"Gamma Investing LLC","3":"FNY Investment Advisers, LLC","4":"Henry James International Management Inc.","5":"Generali Investments Cee, Investicni Spolecnost, A.s.","6":"Pacer Advisors, Inc.","7":"JGP Global Gestao de Recursos Ltda.","8":"PNC Financial Services Group, Inc.","9":"Corient Ia LLC"},"pctHeld":{"0":0.0001,"1":0.0,"2":0.0,"3":0.0,"4":0.0,"5":0.0,"6":0.0,"7":0.0,"8":0.0,"9":0.0},"Shares":{"0":263685,"1":26969,"2":5896,"3":80600,"4":41284,"5":7600,"6":18840,"7":36957,"8":352,"9":20000},"Value":{"0":6755609,"1":690945,"2":151055,"3":2064972,"4":1057696,"5":194712,"6":482680,"7":946838,"8":9018,"9":512400},"pctChange":{"0":-0.09020001,"1":-0.0633,"2":-0.3861,"3":1.0,"4":0.0036000002,"5":0.0,"6":0.0297,"7":1.0,"8":-0.0904,"9":1.0}}