{
    "Date Reported": {
        "0": 1743379200000,
        "1": 1743379200000,
        "2": 1743379200000,
        "3": 1743379200000,
        "4": 1743379200000,
        "5": 1735603200000,
        "6": 1743379200000,
        "7": 1743379200000,
        "8": 1743379200000,
        "9": 1743379200000
    },
    "Holder": {
        "0": "Vanguard Group Inc",
        "1": "Blackrock Inc.",
        "2": "State Street Corporation",
        "3": "FMR, LLC",
        "4": "Geode Capital Management, LLC",
        "5": "NORGES BANK",
        "6": "Morgan Stanley",
        "7": "Price (T.Rowe) Associates Inc",
        "8": "Bank of America Corporation",
        "9": "Northern Trust Corporation"
    },
    "pctHeld": {
        "0": 0.0876,
        "1": 0.075500004,
        "2": 0.0388,
        "3": 0.038,
        "4": 0.023599999,
        "5": 0.0221,
        "6": 0.0219,
        "7": 0.0153,
        "8": 0.012200001,
        "9": 0.0117
    },
    "Shares": {
        "0": 509826331,
        "1": 439591457,
        "2": 225945895,
        "3": 221163347,
        "4": 137390787,
        "5": 128809703,
        "6": 127287446,
        "7": 89134129,
        "8": 71240397,
        "9": 68019033
    },
    "Value": {
        "0": 86257518186,
        "1": 74374479683,
        "2": 38227786526,
        "3": 37418627218,
        "4": 23245147587,
        "5": 21793313965,
        "6": 21535763299,
        "7": 15080603503,
        "8": 12053162942,
        "9": 11508140359
    },
    "pctChange": {
        "0": 0.028900001,
        "1": 0.020399999,
        "2": -0.0003,
        "3": -0.1097,
        "4": 0.041300002,
        "5": 0.1984,
        "6": 0.02,
        "7": -0.0964,
        "8": 0.0879,
        "9": -0.023
    }
}