{
    "Date Reported": {
        "0": 1743379200000,
        "1": 1743379200000,
        "2": 1743379200000,
        "3": 1743379200000,
        "4": 1743379200000,
        "5": 1743379200000,
        "6": 1743379200000,
        "7": 1743379200000,
        "8": 1743379200000,
        "9": 1743379200000
    },
    "Holder": {
        "0": "Capital World Investors",
        "1": "Fisher Asset Management, LLC",
        "2": "Capital International Investors",
        "3": "Edgewood Management Llc",
        "4": "State Farm Mutual Automobile Insurance Co",
        "5": "Price (T.Rowe) Associates Inc",
        "6": "FMR, LLC",
        "7": "JPMORGAN CHASE & CO",
        "8": "Bank of America Corporation",
        "9": "Morgan Stanley"
    },
    "pctHeld": {
        "0": 0.0113,
        "1": 0.0101,
        "2": 0.0084,
        "3": 0.0074,
        "4": 0.0069999998,
        "5": 0.0067000003,
        "6": 0.0064,
        "7": 0.0056,
        "8": 0.0046,
        "9": 0.0044
    },
    "Shares": {
        "0": 4457060,
        "1": 3993320,
        "2": 3320073,
        "3": 2922009,
        "4": 2758173,
        "5": 2635326,
        "6": 2509241,
        "7": 2223680,
        "8": 1814473,
        "9": 1716309
    },
    "Value": {
        "0": 3327329132,
        "1": 2981133296,
        "2": 2478534193,
        "3": 2181367464,
        "4": 2059058970,
        "5": 1967349995,
        "6": 1873223757,
        "7": 1660043895,
        "8": 1354558581,
        "9": 1281276208
    },
    "pctChange": {
        "0": -0.0311,
        "1": 0.2628,
        "2": -0.0326,
        "3": -0.083100006,
        "4": 0.0,
        "5": -0.0971,
        "6": -0.25190002,
        "7": -0.141,
        "8": 0.0324,
        "9": -0.35900003
    }
}