{"Date Reported":{"0":1743379200000,"1":1743379200000,"2":1743379200000,"3":1743379200000,"4":1743379200000,"5":1743379200000,"6":1743379200000,"7":1735603200000,"8":1743379200000,"9":1743379200000},"Holder":{"0":"Vanguard Group Inc","1":"Blackrock Inc.","2":"State Street Corporation","3":"JPMORGAN CHASE & CO","4":"Geode Capital Management, LLC","5":"Morgan Stanley","6":"Bank of America Corporation","7":"NORGES BANK","8":"FMR, LLC","9":"Northern Trust Corporation"},"pctHeld":{"0":0.053200003,"1":0.042600002,"2":0.0229,"3":0.0124,"4":0.0117999995,"5":0.0104,"6":0.0095999995,"7":0.007900001,"8":0.0067000003,"9":0.0054},"Shares":{"0":425961042,"1":340501876,"2":183416761,"3":98988651,"4":94293814,"5":83222929,"6":76649355,"7":63501444,"8":53727285,"9":43100763},"Value":{"0":41759092312,"1":33381102660,"2":17981262836,"3":9704352763,"4":9244094400,"5":8158760149,"6":7514319798,"7":6225364295,"8":5267154581,"9":4225383458},"pctChange":{"0":0.0076,"1":0.0115,"2":-0.0047999998,"3":0.7954,"4":0.0404,"5":0.0629,"6":0.0761,"7":-0.0849,"8":-0.134,"9":-0.0124}}