{"Date Reported":{"0":1743379200000,"1":1743379200000,"2":1743379200000,"3":1743379200000,"4":1743379200000,"5":1743379200000,"6":1743379200000,"7":1743379200000,"8":1743379200000,"9":1743379200000},"Holder":{"0":"Vanguard Group Inc","1":"Blackrock Inc.","2":"Capital Research Global Investors","3":"State Street Corporation","4":"Morgan Stanley","5":"Public Investment Fund","6":"FMR, LLC","7":"Geode Capital Management, LLC","8":"JPMORGAN CHASE & CO","9":"Wellington Management Group, LLP"},"pctHeld":{"0":0.0892,"1":0.0731,"2":0.0574,"3":0.0414,"4":0.0394,"5":0.0348,"6":0.0275,"7":0.0214,"8":0.0189,"9":0.015700001},"Shares":{"0":186526036,"1":152820981,"2":120027271,"3":86639130,"4":82333420,"5":72840541,"6":57587002,"7":44690848,"8":39451237,"9":32919163},"Value":{"0":15580259135,"1":12764922990,"2":10025710220,"3":7236845459,"4":6877195519,"5":6084268602,"6":4810161804,"7":3732964082,"8":3295306697,"9":2749691684},"pctChange":{"0":0.0319,"1":-0.0143,"2":0.016,"3":0.0163,"4":0.0164,"5":0.0,"6":0.3725,"7":0.025899999,"8":-0.1173,"9":-0.1294}}