{
    "Date Reported": {
        "0": 1743379200000,
        "1": 1743379200000,
        "2": 1743379200000,
        "3": 1743379200000,
        "4": 1743379200000,
        "5": 1743379200000,
        "6": 1743379200000,
        "7": 1743379200000,
        "8": 1743379200000,
        "9": 1743379200000
    },
    "Holder": {
        "0": "Vanguard Group Inc",
        "1": "Blackrock Inc.",
        "2": "Capital Research Global Investors",
        "3": "State Street Corporation",
        "4": "Morgan Stanley",
        "5": "Public Investment Fund",
        "6": "FMR, LLC",
        "7": "Geode Capital Management, LLC",
        "8": "JPMORGAN CHASE & CO",
        "9": "Wellington Management Group, LLP"
    },
    "pctHeld": {
        "0": 0.0892,
        "1": 0.0731,
        "2": 0.0574,
        "3": 0.0414,
        "4": 0.0394,
        "5": 0.0348,
        "6": 0.0275,
        "7": 0.0214,
        "8": 0.0189,
        "9": 0.015700001
    },
    "Shares": {
        "0": 186526036,
        "1": 152820981,
        "2": 120027271,
        "3": 86639130,
        "4": 82333420,
        "5": 72840541,
        "6": 57587002,
        "7": 44690848,
        "8": 39451237,
        "9": 32919163
    },
    "Value": {
        "0": 15601037537,
        "1": 12781946757,
        "2": 10039080873,
        "3": 7246496780,
        "4": 6886367198,
        "5": 6092382804,
        "6": 4816576812,
        "7": 3737942499,
        "8": 3299701438,
        "9": 2753358773
    },
    "pctChange": {
        "0": 0.0319,
        "1": -0.0143,
        "2": 0.016,
        "3": 0.0163,
        "4": 0.0164,
        "5": 0.0,
        "6": 0.3725,
        "7": 0.025899999,
        "8": -0.1173,
        "9": -0.1294
    }
}