{
    "Date Reported": {
        "0": 1743379200000,
        "1": 1743379200000,
        "2": 1743379200000,
        "3": 1743379200000,
        "4": 1743379200000,
        "5": 1743379200000,
        "6": 1743379200000,
        "7": 1743379200000,
        "8": 1743379200000,
        "9": 1743379200000
    },
    "Holder": {
        "0": "Impax Asset Management Group plc",
        "1": "Deutsche Bank Aktiengesellschaft",
        "2": "Amundi",
        "3": "Blackrock Inc.",
        "4": "Citigroup Inc.",
        "5": "Mackenzie Financial Corporation",
        "6": "Letko, Brosseau & Associates Inc.",
        "7": "Morgan Stanley",
        "8": "Vanguard Group Inc",
        "9": "Bank of America Corporation"
    },
    "pctHeld": {
        "0": 0.0159,
        "1": 0.009,
        "2": 0.0086,
        "3": 0.0049,
        "4": 0.0036000002,
        "5": 0.0034999999,
        "6": 0.0034,
        "7": 0.0034,
        "8": 0.003,
        "9": 0.003
    },
    "Shares": {
        "0": 10843612,
        "1": 6163899,
        "2": 5880815,
        "3": 3367740,
        "4": 2473310,
        "5": 2391589,
        "6": 2352339,
        "7": 2339974,
        "8": 2049073,
        "9": 2035389
    },
    "Value": {
        "0": 219583143,
        "1": 124818954,
        "2": 119086503,
        "3": 68196735,
        "4": 50084527,
        "5": 48429677,
        "6": 47634864,
        "7": 47384473,
        "8": 41493728,
        "9": 41216627
    },
    "pctChange": {
        "0": -0.198,
        "1": -0.0113,
        "2": -0.1291,
        "3": 0.044099998,
        "4": 0.5059,
        "5": -0.20040001,
        "6": -0.15529999,
        "7": 0.3993,
        "8": -0.0001,
        "9": 3.1199
    }
}