{
    "Date Reported": {
        "0": 1743379200000,
        "1": 1743379200000,
        "2": 1743379200000,
        "3": 1743379200000,
        "4": 1743379200000,
        "5": 1743379200000,
        "6": 1743379200000,
        "7": 1743379200000,
        "8": 1743379200000,
        "9": 1743379200000
    },
    "Holder": {
        "0": "Vanguard Group Inc",
        "1": "Renaissance Technologies, LLC",
        "2": "Blackrock Inc.",
        "3": "Millennium Management Llc",
        "4": "Geode Capital Management, LLC",
        "5": "Marshall Wace LLP",
        "6": "PNC Financial Services Group, Inc.",
        "7": "Qube Research & Technologies Ltd",
        "8": "State Street Corporation",
        "9": "Charles Schwab Investment Management, Inc."
    },
    "pctHeld": {
        "0": 0.0494,
        "1": 0.026500002,
        "2": 0.0249,
        "3": 0.0139,
        "4": 0.0121,
        "5": 0.011,
        "6": 0.0107,
        "7": 0.0104,
        "8": 0.0069999998,
        "9": 0.0063
    },
    "Shares": {
        "0": 20580117,
        "1": 11024400,
        "2": 10367674,
        "3": 5804006,
        "4": 5030981,
        "5": 4575527,
        "6": 4468830,
        "7": 4325709,
        "8": 2926726,
        "9": 2611133
    },
    "Value": {
        "0": 65238972,
        "1": 34947348,
        "2": 32865527,
        "3": 18398699,
        "4": 15948210,
        "5": 14504420,
        "6": 14166191,
        "7": 13712497,
        "8": 9277721,
        "9": 8277291
    },
    "pctChange": {
        "0": 0.0508,
        "1": -0.0038,
        "2": 0.0322,
        "3": 3.6592002,
        "4": 0.0304,
        "5": 0.21370001,
        "6": 0.0,
        "7": -0.081199996,
        "8": 0.0461,
        "9": -0.0509
    }
}