{
    "Date Reported": {
        "0": 1743379200000,
        "1": 1743379200000,
        "2": 1743379200000,
        "3": 1743379200000,
        "4": 1743379200000,
        "5": 1743379200000,
        "6": 1735603200000,
        "7": 1743379200000,
        "8": 1743379200000,
        "9": 1743379200000
    },
    "Holder": {
        "0": "Vanguard Group Inc",
        "1": "Blackrock Inc.",
        "2": "Morgan Stanley",
        "3": "JPMORGAN CHASE & CO",
        "4": "State Street Corporation",
        "5": "Jennison Associates LLC",
        "6": "NORGES BANK",
        "7": "FMR, LLC",
        "8": "Price (T.Rowe) Associates Inc",
        "9": "Artisan Partners Limited Partnership"
    },
    "pctHeld": {
        "0": 0.081499994,
        "1": 0.0618,
        "2": 0.0325,
        "3": 0.030199999,
        "4": 0.020399999,
        "5": 0.0199,
        "6": 0.019199999,
        "7": 0.0154,
        "8": 0.014199999,
        "9": 0.0128999995
    },
    "Shares": {
        "0": 27194208,
        "1": 20607351,
        "2": 10857407,
        "3": 10076532,
        "4": 6792780,
        "5": 6637278,
        "6": 6404701,
        "7": 5124948,
        "8": 4732428,
        "9": 4299230
    },
    "Value": {
        "0": 5715406645,
        "1": 4331046921,
        "2": 2281901209,
        "3": 2117784711,
        "4": 1427638560,
        "5": 1394956705,
        "6": 1346075997,
        "7": 1077110311,
        "8": 994614384,
        "9": 903569161
    },
    "pctChange": {
        "0": 0.0117999995,
        "1": 0.090900004,
        "2": 0.098900005,
        "3": 1.1166999,
        "4": -0.0107,
        "5": -0.1309,
        "6": 0.0356,
        "7": -0.161,
        "8": 0.1924,
        "9": 6.697
    }
}