{"Date Reported":{"0":1743379200000,"1":1743379200000,"2":1743379200000,"3":1743379200000,"4":1743379200000,"5":1743379200000,"6":1743379200000,"7":1743379200000,"8":1743379200000,"9":1743379200000},"Holder":{"0":"FMR, LLC","1":"Sanders Capital, LLC","2":"Capital World Investors","3":"JPMORGAN CHASE & CO","4":"Capital International Investors","5":"Morgan Stanley","6":"Fisher Asset Management, LLC","7":"Bank Of New York Mellon Corporation","8":"Van Eck Associates Corporation","9":"Massachusetts Financial Services Co."},"pctHeld":{"0":0.01,"1":0.008,"2":0.0058999998,"3":0.0053,"4":0.0047,"5":0.0037,"6":0.0034999999,"7":0.0034,"8":0.0034,"9":0.003},"Shares":{"0":51984455,"1":41523782,"2":30759943,"3":27540843,"4":24456962,"5":19033752,"6":18005343,"7":17609752,"8":17422887,"9":15804699},"Value":{"0":10582475885,"1":8452996605,"2":6261801821,"3":5606489611,"4":4978703933,"5":3874701034,"6":3665347806,"7":3584817343,"8":3546777234,"9":3217362691},"pctChange":{"0":-0.1121,"1":-0.0084,"2":-0.136,"3":-0.1865,"4":0.1012,"5":0.0368,"6":-0.36490002,"7":-0.091400005,"8":-0.1015,"9":-0.1091}}