{
    "Date Reported": {
        "0": 1743379200000,
        "1": 1743379200000,
        "2": 1743379200000,
        "3": 1743379200000,
        "4": 1743379200000,
        "5": 1743379200000,
        "6": 1743379200000,
        "7": 1743379200000,
        "8": 1735603200000,
        "9": 1743379200000
    },
    "Holder": {
        "0": "Vanguard Group Inc",
        "1": "Blackrock Inc.",
        "2": "State Street Corporation",
        "3": "FMR, LLC",
        "4": "Geode Capital Management, LLC",
        "5": "JPMORGAN CHASE & CO",
        "6": "Price (T.Rowe) Associates Inc",
        "7": "Morgan Stanley",
        "8": "NORGES BANK",
        "9": "Northern Trust Corporation"
    },
    "pctHeld": {
        "0": 0.093,
        "1": 0.0785,
        "2": 0.0398,
        "3": 0.026199998,
        "4": 0.023599999,
        "5": 0.0191,
        "6": 0.0177,
        "7": 0.0167,
        "8": 0.014199999,
        "9": 0.0111
    },
    "Shares": {
        "0": 691386214,
        "1": 583284931,
        "2": 296030244,
        "3": 194591253,
        "4": 175469697,
        "5": 142009968,
        "6": 131514660,
        "7": 123846555,
        "8": 105202984,
        "9": 82539834
    },
    "Value": {
        "0": 318611499713,
        "1": 268795186920,
        "2": 136419613367,
        "3": 89673484507,
        "4": 80861698112,
        "5": 65442451646,
        "6": 60605899001,
        "7": 57072206277,
        "8": 48480689704,
        "9": 38036830593
    },
    "pctChange": {
        "0": 0.0107,
        "1": 0.012200001,
        "2": 0.0031,
        "3": -0.0148,
        "4": 0.0437,
        "5": 0.052399997,
        "6": -0.0269,
        "7": -0.013200001,
        "8": 0.0838,
        "9": -0.0149
    }
}