{
    "Date Reported": {
        "0": 1743379200000,
        "1": 1743379200000,
        "2": 1743379200000,
        "3": 1743379200000,
        "4": 1743379200000,
        "5": 1743379200000,
        "6": 1743379200000,
        "7": 1743379200000,
        "8": 1735603200000,
        "9": 1743379200000
    },
    "Holder": {
        "0": "Vanguard Group Inc",
        "1": "Blackrock Inc.",
        "2": "State Street Corporation",
        "3": "FMR, LLC",
        "4": "Geode Capital Management, LLC",
        "5": "JPMORGAN CHASE & CO",
        "6": "Price (T.Rowe) Associates Inc",
        "7": "Morgan Stanley",
        "8": "NORGES BANK",
        "9": "Northern Trust Corporation"
    },
    "pctHeld": {
        "0": 0.093,
        "1": 0.0785,
        "2": 0.0398,
        "3": 0.026199998,
        "4": 0.023599999,
        "5": 0.0191,
        "6": 0.0177,
        "7": 0.0167,
        "8": 0.014199999,
        "9": 0.0111
    },
    "Shares": {
        "0": 691386214,
        "1": 583284931,
        "2": 296030244,
        "3": 194591253,
        "4": 175469697,
        "5": 142009968,
        "6": 131514660,
        "7": 123846555,
        "8": 105202984,
        "9": 82539834
    },
    "Value": {
        "0": 320091076339,
        "1": 270043425217,
        "2": 137053122426,
        "3": 90089912638,
        "4": 81237205834,
        "5": 65746355058,
        "6": 60887342300,
        "7": 57337239719,
        "8": 48705825630,
        "9": 38213467047
    },
    "pctChange": {
        "0": 0.0107,
        "1": 0.012200001,
        "2": 0.0031,
        "3": -0.0148,
        "4": 0.0437,
        "5": 0.052399997,
        "6": -0.0269,
        "7": -0.013200001,
        "8": 0.0838,
        "9": -0.0149
    }
}