{"Date Reported":{"0":1743379200000,"1":1743379200000,"2":1743379200000,"3":1743379200000,"4":1743379200000,"5":1743379200000,"6":1743379200000,"7":1743379200000,"8":1743379200000,"9":1743379200000},"Holder":{"0":"FMR, LLC","1":"Dodge & Cox Inc","2":"Invesco Ltd.","3":"Newlands Management Operations LLC                          ","4":"Morgan Stanley","5":"Appaloosa LP","6":"Coreview Capital Management Ltd.","7":"Lazard Asset Management LLC","8":"Discerene Group, LP","9":"Voya Investment Management LLC"},"pctHeld":{"0":0.0233,"1":0.0115,"2":0.0098,"3":0.0074,"4":0.0056,"5":0.0050999997,"6":0.004,"7":0.0036000002,"8":0.0034999999,"9":0.0033000002},"Shares":{"0":36736230,"1":18062949,"2":15417939,"3":11693590,"4":8849997,"5":8050000,"6":6335911,"7":5647202,"8":5554851,"9":5181775},"Value":{"0":1215601856,"1":597702985,"2":510179603,"3":386940894,"4":292846402,"5":266374501,"6":209655295,"7":186865915,"8":183810020,"9":171464935},"pctChange":{"0":0.2914,"1":0.0801,"2":0.0196,"3":0.0,"4":-0.4629,"5":-0.2308,"6":-0.01,"7":-0.1142,"8":0.0,"9":0.6382}}