{"Date Reported":{"0":1743379200000,"1":1743379200000,"2":1743379200000,"3":1743379200000,"4":1743379200000,"5":1743379200000,"6":1743379200000,"7":1743379200000,"8":1743379200000,"9":1735603200000},"Holder":{"0":"Vanguard Group Inc","1":"Blackrock Inc.","2":"State Street Corporation","3":"Geode Capital Management, LLC","4":"FMR, LLC","5":"Berkshire Hathaway, Inc","6":"Morgan Stanley","7":"Price (T.Rowe) Associates Inc","8":"JPMORGAN CHASE & CO","9":"NORGES BANK"},"pctHeld":{"0":0.0938,"1":0.0763,"2":0.0399,"3":0.0234,"4":0.022,"5":0.0201,"6":0.0162,"7":0.014400001,"8":0.013300001,"9":0.0125},"Shares":{"0":1400790809,"1":1140202870,"2":596025766,"3":349807156,"4":328100180,"5":300000000,"6":241221800,"7":214703055,"8":198745598,"9":187160162},"Value":{"0":281040666849,"1":228758907375,"2":119580652342,"3":70181811416,"4":65826740715,"5":60189001464,"6":48396330911,"7":43075874973,"8":39874330297,"9":37549944215},"pctChange":{"0":0.0036000002,"1":0.0149,"2":0.0009,"3":0.028299998,"4":-0.0396,"5":0.0,"6":0.0124,"7":-0.024600001,"8":0.086,"9":0.0542}}