{
    "Date Reported": {
        "0": 1743379200000,
        "1": 1743379200000,
        "2": 1743379200000,
        "3": 1743379200000,
        "4": 1735603200000,
        "5": 1743379200000,
        "6": 1743379200000,
        "7": 1743379200000,
        "8": 1743379200000,
        "9": 1743379200000
    },
    "Holder": {
        "0": "BAILLIE GIFFORD & CO",
        "1": "WCM Investment Management, LLC",
        "2": "Blackrock Inc.",
        "3": "Tiger Global Management, LLC",
        "4": "NORGES BANK",
        "5": "JPMORGAN CHASE & CO",
        "6": "FMR, LLC",
        "7": "Price (T.Rowe) Associates Inc",
        "8": "Arrowstreet Capital, Limited Partnership",
        "9": "Sands Capital Management, LLC"
    },
    "pctHeld": {
        "0": 0.0727,
        "1": 0.0463,
        "2": 0.0332,
        "3": 0.0295,
        "4": 0.025899999,
        "5": 0.0214,
        "6": 0.0211,
        "7": 0.0176,
        "8": 0.012999999,
        "9": 0.0125
    },
    "Shares": {
        "0": 39525842,
        "1": 25144668,
        "2": 18052523,
        "3": 16041335,
        "4": 14078061,
        "5": 11630768,
        "6": 11466140,
        "7": 9580276,
        "8": 7078853,
        "9": 6817994
    },
    "Value": {
        "0": 6486585954,
        "1": 4126491480,
        "2": 2962599560,
        "3": 2632543496,
        "4": 2310350599,
        "5": 1908725343,
        "6": 1881708242,
        "7": 1572219100,
        "8": 1161710570,
        "9": 1118900999
    },
    "pctChange": {
        "0": -0.0349,
        "1": -0.0202,
        "2": 0.016900001,
        "3": 0.0,
        "4": -0.112399995,
        "5": 0.1988,
        "6": 0.0249,
        "7": 0.15720001,
        "8": -0.0021,
        "9": -0.0776
    }
}