{
    "Date Reported": {
        "0": 1743379200000,
        "1": 1743379200000,
        "2": 1743379200000,
        "3": 1743379200000,
        "4": 1743379200000,
        "5": 1743379200000,
        "6": 1743379200000,
        "7": 1743379200000,
        "8": 1743379200000,
        "9": 1743379200000
    },
    "Holder": {
        "0": "Vanguard Group Inc",
        "1": "Blackrock Inc.",
        "2": "Geode Capital Management, LLC",
        "3": "Bank of America Corporation",
        "4": "State Street Corporation",
        "5": "Goldman Sachs Group Inc",
        "6": "Renaissance Technologies, LLC",
        "7": "Morgan Stanley",
        "8": "Charles Schwab Investment Management, Inc.",
        "9": "Northern Trust Corporation"
    },
    "pctHeld": {
        "0": 0.0988,
        "1": 0.0691,
        "2": 0.0214,
        "3": 0.0207,
        "4": 0.019199999,
        "5": 0.014400001,
        "6": 0.0113,
        "7": 0.0113,
        "8": 0.0094,
        "9": 0.0082
    },
    "Shares": {
        "0": 42815896,
        "1": 29951251,
        "2": 9270969,
        "3": 8948774,
        "4": 8296554,
        "5": 6253564,
        "6": 4876719,
        "7": 4904015,
        "8": 4074378,
        "9": 3540656
    },
    "Value": {
        "0": 147286684,
        "1": 103032305,
        "2": 31892133,
        "3": 30783783,
        "4": 28540146,
        "5": 21512260,
        "6": 16775913,
        "7": 16869811,
        "8": 14015860,
        "9": 12179856
    },
    "pctChange": {
        "0": 0.1618,
        "1": 0.1154,
        "2": 0.120900005,
        "3": 0.4466,
        "4": 0.0801,
        "5": 0.38639998,
        "6": -0.0111,
        "7": -0.49060002,
        "8": 0.0104,
        "9": 0.067
    }
}