{
    "Date Reported": {
        "0": 1743379200000,
        "1": 1743379200000,
        "2": 1743379200000,
        "3": 1743379200000,
        "4": 1743379200000,
        "5": 1743379200000,
        "6": 1743379200000,
        "7": 1743379200000,
        "8": 1743379200000,
        "9": 1743379200000
    },
    "Holder": {
        "0": "Macquarie Group Limited",
        "1": "Kopernik Global Investors, Llc",
        "2": "Mirae Asset Global ETFs Holdings Ltd.",
        "3": "GMT Capital Corp",
        "4": "683 Capital Management LLC",
        "5": "Hosking Partners LLP",
        "6": "UBS Group AG",
        "7": "Vr Advisory Services Ltd",
        "8": "Glenorchy Capital Ltd",
        "9": "Helikon Investments Ltd"
    },
    "pctHeld": {
        "0": 0.0367,
        "1": 0.033,
        "2": 0.0172,
        "3": 0.017,
        "4": 0.0137,
        "5": 0.0109,
        "6": 0.0076,
        "7": 0.0069,
        "8": 0.0058,
        "9": 0.0054
    },
    "Shares": {
        "0": 2221717,
        "1": 1996135,
        "2": 1038336,
        "3": 1026395,
        "4": 830000,
        "5": 657034,
        "6": 457155,
        "7": 416109,
        "8": 349968,
        "9": 325864
    },
    "Value": {
        "0": 27060513,
        "1": 24312924,
        "2": 12646932,
        "3": 12501491,
        "4": 10109400,
        "5": 8002674,
        "6": 5568148,
        "7": 5068207,
        "8": 4262610,
        "9": 3969023
    },
    "pctChange": {
        "0": -0.0005,
        "1": 0.41439998,
        "2": 0.095,
        "3": 1.0,
        "4": -0.0621,
        "5": -0.0095999995,
        "6": 0.4918,
        "7": 0.0,
        "8": -0.0034999999,
        "9": -0.2866
    }
}